id,category_id,name,price,created_at
1,7,Customizable systematic strategy,558.49,2025-10-18 01:01:14
2,16,User-centric contextually-based firmware,1080.03,2025-11-10 00:55:23
3,12,Monitored client-server time-frame,4158.66,2023-09-27 19:34:30
4,7,Reverse-engineered bi-directional task-force,3190.27,2026-01-23 15:50:45
5,11,Optimized client-driven encryption,3542.67,2024-03-21 01:28:38
6,13,Profit-focused secondary capacity,191.42,2024-12-25 22:35:22
7,17,Total 3rdgeneration functionalities,4641.7,2024-07-23 13:54:13
8,5,Operative systematic attitude,1957.28,2025-11-15 22:23:32
9,19,Mandatory local hub,412.12,2026-02-27 23:10:35
10,10,Pre-emptive non-volatile toolset,2027.68,2026-01-02 13:39:19
11,17,Digitized bifurcated success,3292.86,2025-10-15 08:25:52
12,4,Front-line multi-tasking projection,4495.45,2026-09-07 11:34:39
13,7,Enhanced high-level software,1622.41,2024-02-12 01:51:54
14,15,Business-focused multimedia secured line,4348.42,2025-02-05 15:09:06
15,17,Right-sized grid-enabled structure,1911.72,2026-01-12 20:29:25
16,7,Reverse-engineered optimizing orchestration,1344.37,2024-06-27 17:47:52
17,12,Optional interactive concept,1302.93,2024-05-18 05:53:58
18,7,Fundamental fault-tolerant access,4106.42,2024-11-20 00:10:41
19,12,Inverse responsive policy,2876.98,2024-10-15 19:53:13
20,16,Polarized web-enabled adapter,1019.4,2024-10-24 06:38:57
21,3,Programmable well-modulated paradigm,1690.99,2024-09-08 06:41:48
22,6,Multi-tiered 24hour software,2281.75,2024-10-07 18:12:41
23,12,Organic non-volatile portal,295.43,2024-10-01 12:52:29
24,5,Face-to-face eco-centric collaboration,3724.73,2025-11-19 08:39:03
25,13,Open-source national interface,1058.23,2023-11-01 05:26:50
26,20,Polarized even-keeled budgetary management,1739.03,2025-12-22 19:50:18
27,3,Configurable needs-based complexity,4538.64,2024-11-25 07:29:29
28,11,Networked heuristic product,447.24,2026-02-07 07:59:27
29,15,Cloned dynamic open system,3578.87,2023-11-12 06:06:58
30,14,Expanded zero tolerance time-frame,4524.11,2024-03-05 11:44:09
31,13,Multi-channeled bottom-line product,3595.41,2025-06-27 05:18:20
32,1,Stand-alone disintermediate interface,124.77,2025-11-01 04:59:17
33,7,Enterprise-wide encompassing initiative,4581.38,2024-07-25 16:22:15
34,5,Programmable national knowledge user,2156.42,2026-07-14 02:36:14
35,20,Synergistic foreground methodology,4480.48,2025-12-28 14:23:13
36,8,Centralized upward-trending orchestration,1360.13,2024-05-20 15:13:20
37,17,Vision-oriented web-enabled infrastructure,694.89,2025-07-09 22:26:55
38,17,Integrated intermediate artificial intelligence,3117.78,2025-03-22 19:14:09
39,1,Upgradable didactic focus group,2285.26,2025-08-28 08:09:36
40,8,Sharable fault-tolerant Graphic Interface,2787.06,2026-06-25 18:42:13
41,8,Digitized 6thgeneration algorithm,4500.78,2025-09-08 00:24:45
42,11,Persistent asymmetric implementation,3657.53,2025-06-04 07:34:01
43,3,Synergized bandwidth-monitored moratorium,4611.7,2024-12-21 21:21:49
44,7,Focused bottom-line functionalities,1921.91,2024-05-05 20:03:26
45,15,Profound clear-thinking help-desk,4351.61,2025-05-14 23:29:51
46,12,Self-enabling eco-centric leverage,3403.47,2024-07-13 15:04:52
47,6,Implemented upward-trending throughput,4358.84,2025-05-19 11:48:51
48,6,Digitized fault-tolerant process improvement,4975.47,2025-05-29 18:09:21
49,11,Reverse-engineered multimedia ability,243.37,2025-06-17 19:04:38
50,6,Team-oriented bifurcated paradigm,2371.87,2026-05-03 19:41:08
51,9,Open-architected contextually-based middleware,3179.64,2024-04-29 15:43:04
52,4,Object-based dynamic hierarchy,872.22,2024-04-27 04:53:43
53,17,Multi-tiered 4thgeneration contingency,3669.94,2025-01-09 01:44:23
54,7,Optimized encompassing challenge,691.12,2026-08-14 23:21:38
55,8,Organized leadingedge middleware,3317.76,2026-04-04 23:28:39
56,14,Secured human-resource Local Area Network,3332.2,2026-02-01 22:59:08
57,20,Multi-lateral transitional projection,2091.78,2025-12-15 00:44:30
58,7,Multi-tiered web-enabled intranet,257.03,2025-07-10 03:30:44
59,4,Synergized demand-driven service-desk,3501.79,2026-07-12 12:42:43
60,11,Integrated responsive Internet solution,1020.33,2023-11-04 05:29:42
61,8,Streamlined empowering emulation,2227.55,2025-01-06 12:06:57
62,11,Ergonomic human-resource website,1685.4,2025-09-23 10:31:56
63,16,Face-to-face leadingedge intranet,4921.44,2026-09-01 13:38:45
64,15,Realigned holistic toolset,3377.45,2025-10-05 10:20:39
65,16,Front-line bi-directional task-force,1594.74,2024-08-30 07:59:35
66,8,Diverse multimedia time-frame,1834.87,2025-10-29 01:31:02
67,1,Streamlined foreground infrastructure,1406.98,2023-10-01 12:35:33
68,14,Programmable system-worthy definition,3566.05,2024-10-19 10:21:20
69,20,Adaptive discrete intranet,2570.73,2025-11-27 06:03:20
70,14,Profit-focused explicit alliance,3237.23,2026-08-21 03:42:03
71,2,Virtual full-range productivity,4056.37,2026-01-27 19:37:57
72,4,Virtual logistical service-desk,2645.32,2025-02-16 17:12:10
73,11,Synergistic 3rdgeneration policy,2175.16,2025-10-19 16:40:05
74,7,Switchable homogeneous hierarchy,3325.51,2026-04-03 13:04:50
75,11,Ameliorated secondary projection,1812.45,2024-06-20 22:26:11
76,9,Seamless next generation core,1429.56,2025-11-21 09:22:26
77,8,Re-contextualized asynchronous orchestration,904.4,2026-05-04 21:33:11
78,10,Persevering 24/7 access,868.14,2026-05-02 06:07:50
79,7,Networked discrete open architecture,1390.83,2025-03-30 06:00:08
80,12,Monitored bi-directional knowledge user,3486.57,2026-04-26 13:28:45
81,16,Stand-alone cohesive knowledge user,4256.51,2024-02-04 11:56:55
82,11,Realigned 6thgeneration forecast,129.39,2023-12-22 10:51:07
83,15,Multi-layered scalable website,2555.79,2025-06-16 05:50:03
84,19,Networked bi-directional system engine,4515.45,2025-04-26 17:38:16
85,5,Managed even-keeled implementation,1889.03,2026-08-27 13:19:39
86,5,Profound interactive approach,735.34,2026-03-24 16:14:32
87,3,Reactive encompassing paradigm,4460.98,2024-12-09 17:32:55
88,3,Self-enabling homogeneous protocol,4850.79,2025-06-25 18:41:26
89,14,Proactive heuristic approach,1467.23,2025-01-31 08:58:10
90,6,User-friendly asymmetric circuit,1849.93,2023-10-24 06:32:16
91,17,Robust dynamic utilization,617.88,2023-12-14 00:04:38
92,11,Devolved demand-driven success,47.62,2026-05-11 16:23:27
93,5,Public-key incremental encryption,3951.61,2024-05-11 03:47:33
94,7,Re-engineered eco-centric moderator,3704.24,2024-06-23 23:41:48
95,5,Face-to-face bottom-line implementation,1581.9,2024-11-03 02:49:45
96,19,Face-to-face clear-thinking framework,4027.7,2025-11-02 15:58:20
97,9,Automated next generation task-force,2319.27,2025-12-26 09:27:45
98,9,Integrated object-oriented attitude,4075.52,2026-01-08 22:42:36
99,5,Configurable systematic Internet solution,76.22,2025-06-29 16:13:42
100,12,Profit-focused needs-based productivity,64965.75,2024-05-21 12:32:39
101,1,Front-line neutral info-mediaries,2665.59,2025-09-12 16:12:49
102,3,Optimized directional help-desk,4889.29,2025-09-05 23:40:03
103,6,Assimilated methodical strategy,2319.76,2024-01-01 12:33:58
104,9,Implemented asynchronous knowledgebase,1589.07,2026-07-09 18:36:15
105,20,Diverse zero-defect firmware,156.87,2025-11-06 18:38:21
106,9,Persistent stable standardization,4558.24,2025-08-14 21:58:34
107,4,Organized well-modulated time-frame,1226.78,2026-06-12 18:26:24
108,13,Multi-layered multimedia help-desk,2878.66,2025-05-07 21:10:50
109,2,Ameliorated systemic moderator,307.78,2025-01-09 11:42:41
110,4,Fully-configurable contextually-based middleware,841.05,2026-03-02 04:56:43
111,17,Assimilated fresh-thinking paradigm,2760.66,2024-08-27 00:30:07
112,10,Up-sized contextually-based customer loyalty,2521.08,2024-12-26 11:24:59
113,7,Networked grid-enabled strategy,609.1,2024-11-18 18:43:26
114,19,Profit-focused asynchronous capacity,2961.19,2026-02-06 13:47:30
115,1,Diverse 3rdgeneration circuit,4910.11,2024-06-25 22:19:19
116,15,Streamlined content-based system engine,1764.08,2025-11-27 01:50:31
117,2,Phased multi-tasking task-force,2926.36,2023-12-11 16:09:23
118,5,Business-focused 3rdgeneration benchmark,2058.97,2026-05-04 10:12:05
119,20,Team-oriented logistical superstructure,1922.36,2023-12-15 15:31:18
120,12,Expanded actuating Graphic Interface,4344.73,2024-04-03 15:30:59
121,20,Robust reciprocal pricing structure,2474.73,2024-01-14 22:41:49
122,12,Seamless clear-thinking synergy,4095.88,2025-04-24 22:29:42
123,9,Centralized multi-tasking access,4436.64,2024-12-17 04:41:50
124,11,Optional web-enabled array,2578.87,2024-09-08 03:05:55
125,15,Enhanced motivating ability,3270.71,2025-06-20 08:21:36
126,13,Multi-channeled mobile implementation,4068.49,2024-02-07 05:59:43
127,8,Synergized 24/7 function,2081.65,2026-02-06 03:53:50
128,11,Secured tertiary software,4699.44,2024-12-21 00:19:49
129,14,Switchable explicit groupware,642.46,2024-09-28 00:23:42
130,12,Automated context-sensitive initiative,2439.91,2026-01-20 03:11:13
131,3,Synergistic system-worthy frame,2268.78,2026-06-09 00:45:45
132,8,Enhanced scalable success,421.43,2024-08-17 05:49:31
133,7,Optimized non-volatile intranet,677.94,2026-05-12 04:09:35
134,10,Customer-focused cohesive toolset,1772.05,2024-03-13 22:50:16
135,11,Extended tertiary encoding,1393.21,2025-05-30 01:55:32
136,7,Distributed background benchmark,4866.33,2025-07-15 22:48:15
137,15,Focused background paradigm,207.31,2026-06-20 04:55:55
138,14,Streamlined system-worthy service-desk,2606.39,2024-01-16 01:42:22
139,12,Devolved national archive,581.0,2024-02-10 04:02:01
140,16,Diverse system-worthy standardization,2128.47,2026-07-01 08:02:25
141,18,Reduced explicit time-frame,3260.72,2024-05-01 03:09:33
142,4,Integrated object-oriented frame,96.31,2025-07-16 00:45:52
143,19,Implemented client-driven framework,234.58,2026-03-10 13:54:28
144,16,Synergistic stable throughput,535.4,2024-10-08 03:28:16
145,11,Multi-tiered heuristic task-force,3500.49,2025-04-13 09:37:05
146,4,Business-focused systemic capability,1477.87,2023-09-24 23:19:23
147,9,Innovative needs-based monitoring,2814.0,2024-03-15 06:22:57
148,10,Cross-group bi-directional migration,491.22,2023-11-18 15:06:25
149,18,Extended uniform contingency,4450.66,2025-04-06 11:35:53
150,1,Re-engineered heuristic artificial intelligence,4381.27,2026-06-29 10:20:44
151,6,Synchronized homogeneous flexibility,465.22,2026-06-08 06:40:13
152,11,Universal next generation alliance,2189.45,2025-08-25 23:25:07
153,5,Phased human-resource budgetary management,2394.56,2025-09-30 19:59:49
154,4,Horizontal empowering encoding,917.76,2024-09-21 20:24:47
155,14,Multi-layered directional open architecture,2333.6,2023-12-01 19:02:54
156,18,Cross-platform interactive installation,1175.23,2024-12-12 02:37:23
157,7,Multi-channeled grid-enabled access,3761.6,2024-08-15 17:09:08
158,15,Team-oriented systematic contingency,57.9,2025-06-29 07:20:57
159,14,Persistent 4thgeneration firmware,4152.11,2024-07-08 01:26:53
160,8,Down-sized fresh-thinking interface,1657.87,2024-02-24 03:53:39
161,14,Reverse-engineered content-based alliance,2404.51,2024-04-16 08:54:08
162,17,Cross-platform clear-thinking task-force,3722.38,2023-11-23 22:55:04
163,14,Distributed bifurcated data-warehouse,729.5,2025-02-18 10:25:09
164,16,Up-sized neutral secured line,1102.53,2023-11-29 01:09:11
165,17,Multi-layered local collaboration,4496.03,2025-09-24 09:54:54
166,17,Persevering disintermediate pricing structure,153.82,2024-03-16 19:41:58
167,8,Assimilated contextually-based alliance,2352.47,2025-01-29 10:37:28
168,2,Cross-platform actuating focus group,1566.23,2023-11-17 14:32:45
169,16,Realigned dedicated neural-net,4073.99,2024-02-03 16:20:42
170,6,User-centric radical methodology,3223.48,2025-11-26 01:43:00
171,19,Upgradable interactive matrix,2920.57,2024-12-06 23:22:34
172,4,Face-to-face context-sensitive Internet solution,1379.57,2024-10-18 04:25:39
173,6,Business-focused scalable software,3796.82,2025-02-02 10:20:54
174,18,Cloned global array,2093.51,2025-09-29 14:06:49
175,3,Compatible composite application,125.63,2025-12-02 01:18:09
176,12,Stand-alone incremental hierarchy,355.89,2025-11-12 08:39:41
177,18,Cross-platform 4thgeneration open architecture,1345.62,2023-10-13 03:38:50
178,15,Organized asynchronous collaboration,2044.63,2023-11-18 19:52:12
179,16,Multi-layered grid-enabled product,3365.54,2026-05-13 00:00:34
180,5,Persistent zero administration algorithm,2977.87,2026-04-27 02:07:50
181,7,Distributed high-level focus group,2505.39,2025-01-25 07:38:54
182,11,Cloned asynchronous artificial intelligence,3741.84,2026-09-05 17:03:08
183,15,Public-key real-time secured line,2472.9,2025-02-16 03:48:21
184,6,Enhanced regional challenge,4168.12,2024-12-03 22:01:51
185,4,Triple-buffered reciprocal standardization,75.36,2024-05-13 17:27:42
186,5,Quality-focused uniform conglomeration,2687.37,2023-11-01 02:26:40
187,1,Persevering multi-state knowledge user,4142.08,2026-04-05 11:16:35
188,4,Centralized demand-driven artificial intelligence,3155.14,2025-04-09 01:27:33
189,13,Profound global service-desk,909.11,2023-11-15 16:38:55
190,11,Object-based needs-based migration,1207.47,2024-05-12 12:30:00
191,11,Open-architected web-enabled frame,869.14,2025-01-26 03:41:52
192,7,Progressive contextually-based pricing structure,1757.16,2025-08-15 15:31:11
193,3,Stand-alone analyzing paradigm,2390.36,2024-05-10 08:05:42
194,1,Fundamental exuding approach,4107.63,2026-04-10 23:29:42
195,4,Vision-oriented web-enabled model,1704.2,2024-09-03 06:40:09
196,8,Sharable non-volatile analyzer,1554.19,2024-04-26 04:43:34
197,6,Focused logistical help-desk,1483.17,2026-03-13 21:27:48
198,10,Adaptive system-worthy model,891.5,2024-06-05 20:27:34
199,12,Monitored encompassing application,4359.38,2023-10-29 11:03:41
200,19,Advanced explicit software,95255.55,2024-07-02 18:12:55
201,11,Multi-layered executive artificial intelligence,4173.45,2024-12-28 16:18:26
202,15,Quality-focused bi-directional info-mediaries,2198.19,2024-12-11 17:10:35
203,18,Switchable intangible moratorium,4091.93,2026-09-08 21:44:34
204,13,Fundamental executive pricing structure,1568.24,2024-08-16 19:30:32
205,1,User-friendly real-time secured line,1974.02,2025-11-13 19:23:00
206,14,Optimized bi-directional superstructure,3027.77,2025-01-22 12:40:38
207,2,Distributed web-enabled ability,390.45,2026-05-22 14:21:19
208,8,Re-engineered didactic moderator,1389.12,2026-04-15 09:34:14
209,9,Secured neutral middleware,490.22,2025-10-04 11:51:07
210,12,Exclusive actuating instruction set,1588.78,2026-03-15 04:53:25
211,3,Sharable well-modulated adapter,4081.48,2025-06-02 07:33:31
212,11,Synchronized bottom-line complexity,391.06,2024-09-19 23:37:35
213,8,Synergized regional conglomeration,1252.86,2024-07-24 12:05:45
214,11,Customer-focused regional framework,590.15,2025-05-01 12:14:06
215,10,Optional directional budgetary management,3912.56,2024-10-22 09:10:37
216,13,Compatible national product,4520.26,2025-04-13 06:16:35
217,16,Assimilated bifurcated secured line,4704.04,2023-12-27 05:46:20
218,9,Re-engineered well-modulated installation,2692.61,2024-05-13 17:40:07
219,8,Re-engineered client-server alliance,4986.0,2023-10-06 12:44:06
220,6,Vision-oriented upward-trending instruction set,3756.94,2026-04-02 17:28:30
221,16,Monitored uniform analyzer,10.11,2025-07-31 21:13:04
222,20,Monitored eco-centric task-force,4992.31,2026-07-30 13:16:22
223,10,Multi-tiered value-added help-desk,2616.22,2024-09-23 07:16:10
224,2,Organic logistical architecture,4748.55,2025-01-18 09:54:39
225,2,Upgradable context-sensitive circuit,3814.86,2025-01-21 14:59:55
226,8,Networked regional info-mediaries,1824.26,2026-04-16 16:02:01
227,5,Ameliorated asynchronous intranet,603.81,2025-12-29 11:16:43
228,16,Profit-focused reciprocal application,2184.38,2025-04-05 03:10:54
229,15,Customizable holistic productivity,4984.64,2025-04-16 12:50:37
230,4,Expanded full-range middleware,3603.92,2024-03-10 14:35:31
231,8,User-friendly intermediate functionalities,791.23,2025-03-15 03:03:45
232,6,Re-contextualized clear-thinking definition,4117.89,2025-08-07 22:31:20
233,14,Reduced analyzing structure,2685.61,2024-12-26 15:36:32
234,19,Synergistic attitude-oriented Graphical User Interface,3365.04,2025-06-05 22:45:45
235,5,Reverse-engineered dedicated protocol,430.98,2024-06-05 15:09:24
236,4,Diverse 4thgeneration moratorium,3691.3,2023-10-16 18:24:35
237,14,Sharable 4thgeneration pricing structure,3296.41,2026-02-07 16:22:38
238,9,Centralized clear-thinking groupware,3503.82,2026-07-29 03:04:18
239,10,Re-engineered clear-thinking paradigm,2657.78,2026-04-14 04:48:22
240,11,Right-sized incremental strategy,1872.54,2026-06-27 17:23:17
241,5,Devolved fault-tolerant Internet solution,2023.49,2023-09-14 04:34:29
242,7,Balanced dynamic database,2571.36,2023-12-18 13:22:43
243,2,Multi-channeled next generation Internet solution,2035.76,2025-09-18 04:39:21
244,1,Synergized leadingedge help-desk,4141.82,2024-02-10 17:05:31
245,3,Focused responsive support,3696.46,2025-01-27 00:09:01
246,9,Up-sized multimedia Internet solution,285.99,2024-08-04 14:10:31
247,8,Customer-focused context-sensitive model,2208.09,2025-07-29 15:44:33
248,17,Synergized dedicated model,2462.08,2025-05-29 01:27:52
249,16,Stand-alone even-keeled attitude,3951.71,2026-01-03 02:44:37
250,1,Exclusive multimedia implementation,3414.43,2026-01-16 18:08:41
251,6,Phased transitional knowledge user,4526.46,2024-10-26 19:25:22
252,17,Organic regional solution,424.63,2025-12-07 02:38:42
253,14,Monitored web-enabled encoding,1412.03,2025-01-03 10:05:25
254,10,Extended attitude-oriented support,3330.2,2025-02-24 14:44:36
255,4,Multi-lateral web-enabled monitoring,4426.34,2025-02-12 07:52:01
256,7,Implemented homogeneous task-force,133.85,2024-07-22 07:12:49
257,15,Reverse-engineered eco-centric pricing structure,1766.23,2025-07-25 22:52:31
258,6,Visionary tangible emulation,1917.16,2023-12-30 05:04:31
259,18,Devolved didactic product,1698.88,2026-02-11 08:10:31
260,7,Focused 5thgeneration contingency,4509.02,2025-07-24 02:07:00
261,19,Adaptive analyzing migration,3995.11,2025-01-28 16:59:18
262,17,Advanced bandwidth-monitored artificial intelligence,2058.9,2024-08-14 19:01:25
263,3,Progressive cohesive portal,73.78,2026-05-26 12:01:31
264,11,Cross-group client-server product,2758.76,2026-02-24 23:23:54
265,7,Inverse zero-defect functionalities,2281.18,2026-03-05 05:39:40
266,19,Configurable coherent moderator,1459.88,2025-09-05 09:17:32
267,7,Virtual coherent data-warehouse,4115.9,2025-04-27 22:12:41
268,13,Progressive multimedia task-force,3265.34,2026-03-15 13:01:43
269,15,Streamlined optimizing hardware,1044.74,2025-05-18 07:52:29
270,11,Open-architected human-resource hierarchy,4583.96,2026-05-04 19:02:55
271,8,Reverse-engineered next generation matrices,341.08,2025-09-09 09:20:50
272,3,Visionary multi-tasking middleware,1333.76,2024-01-26 18:57:45
273,11,Reduced explicit application,368.02,2024-08-05 22:51:05
274,20,Managed national archive,1437.27,2026-04-26 03:38:27
275,15,Programmable responsive firmware,2632.78,2024-12-05 00:46:20
276,4,Team-oriented holistic middleware,725.69,2026-08-20 00:30:32
277,2,Synergistic tangible adapter,1794.33,2025-02-12 07:38:58
278,13,Expanded regional structure,1751.91,2025-04-03 12:58:05
279,14,Adaptive global time-frame,564.82,2025-05-16 22:10:21
280,4,Universal 4thgeneration implementation,2831.42,2026-05-08 04:05:20
281,11,Future-proofed dedicated info-mediaries,3359.47,2024-09-27 04:57:44
282,2,Switchable radical neural-net,1078.21,2026-08-16 18:21:42
283,20,Switchable bi-directional flexibility,3609.24,2026-01-07 18:56:34
284,13,Reduced web-enabled hardware,2186.44,2025-03-06 12:58:37
285,9,Mandatory client-driven capability,4853.35,2026-05-17 21:08:43
286,20,Ergonomic intangible installation,4764.41,2026-07-02 15:08:04
287,3,Cross-platform radical utilization,385.99,2024-02-21 07:02:48
288,7,Digitized motivating knowledge user,463.31,2024-12-29 07:57:07
289,8,Grass-roots fault-tolerant definition,4342.73,2024-01-15 23:39:09
290,16,Profit-focused bi-directional infrastructure,4797.41,2024-03-23 06:58:13
291,5,Function-based coherent infrastructure,1927.41,2025-03-29 09:02:31
292,2,Automated discrete model,2093.86,2023-09-18 03:15:09
293,12,Inverse client-driven collaboration,167.85,2025-01-09 16:00:09
294,1,Streamlined responsive encryption,3745.56,2026-01-17 10:49:01
295,11,Ameliorated tertiary contingency,2116.74,2026-08-15 19:52:58
296,11,Extended context-sensitive neural-net,2731.63,2024-05-11 00:04:17
297,8,Adaptive zero-defect intranet,4144.1,2024-10-21 13:42:59
298,11,Decentralized uniform function,4668.19,2026-02-06 12:20:20
299,7,Focused web-enabled Internet solution,2470.67,2026-04-07 11:52:48
300,17,Object-based mobile encryption,60495.62,2024-01-07 22:07:22
301,13,Team-oriented system-worthy matrix,2505.81,2026-07-07 15:24:07
302,5,Down-sized optimizing definition,741.83,2024-12-24 06:17:20
303,20,Customer-focused zero-defect encoding,3553.5,2025-11-14 22:45:06
304,19,Distributed secondary software,2288.17,2024-10-06 20:34:14
305,17,Public-key modular neural-net,589.07,2025-10-28 05:57:34
306,10,Grass-roots national core,965.04,2024-10-05 00:59:09
307,20,Up-sized tangible function,3489.98,2025-04-05 16:00:41
308,3,Universal systematic strategy,2363.16,2024-10-12 18:32:30
309,2,Innovative impactful migration,1165.22,2023-10-15 10:51:44
310,8,Focused responsive methodology,1384.8,2026-04-19 10:54:40
311,4,Focused high-level leverage,3571.55,2024-01-13 09:05:35
312,14,Balanced reciprocal capacity,434.64,2024-01-23 10:33:40
313,20,Proactive 24/7 encryption,4326.04,2026-05-28 16:19:18
314,7,Programmable eco-centric approach,3087.5,2025-08-22 05:21:40
315,6,Open-source asynchronous implementation,4559.45,2025-11-09 17:59:07
316,5,Face-to-face explicit frame,1358.68,2023-11-12 16:45:44
317,7,Future-proofed motivating utilization,3118.98,2023-11-12 06:42:28
318,18,Digitized secondary orchestration,783.15,2024-12-29 01:05:39
319,13,Multi-channeled zero tolerance architecture,634.82,2025-05-29 13:24:49
320,6,Universal transitional standardization,1888.62,2026-04-23 08:53:04
321,9,Balanced scalable infrastructure,3870.38,2025-11-02 04:24:21
322,14,Compatible fresh-thinking benchmark,3953.15,2026-02-09 07:05:16
323,13,Adaptive object-oriented architecture,262.85,2026-08-07 06:28:08
324,9,Grass-roots background projection,2631.03,2024-11-04 19:15:52
325,6,Customizable 3rdgeneration flexibility,2094.57,2026-05-27 17:40:26
326,3,Streamlined systemic attitude,3934.66,2026-07-08 13:09:33
327,16,Right-sized asynchronous core,4565.05,2025-11-14 02:18:10
328,18,Down-sized asymmetric data-warehouse,2752.1,2024-01-06 07:33:42
329,16,Horizontal incremental concept,1697.45,2026-07-18 15:33:32
330,13,Customizable composite database,4371.53,2026-02-26 07:08:50
331,1,Polarized eco-centric policy,1462.11,2024-06-18 18:54:50
332,18,Realigned global intranet,4224.84,2023-10-27 06:57:06
333,15,Reverse-engineered non-volatile knowledgebase,2424.64,2026-02-23 21:07:42
334,14,Enhanced asymmetric throughput,1401.38,2024-03-08 11:25:32
335,16,Pre-emptive logistical groupware,4143.21,2024-04-30 00:26:23
336,10,Networked human-resource migration,1325.92,2025-04-07 20:49:34
337,10,Streamlined analyzing product,4229.48,2026-06-30 12:13:54
338,16,Organic global alliance,2704.59,2023-09-30 01:29:31
339,18,Front-line tertiary help-desk,3949.41,2026-01-08 08:31:59
340,11,Multi-layered scalable synergy,4073.61,2026-06-19 23:58:52
341,7,Profit-focused cohesive architecture,1758.64,2025-02-12 01:53:44
342,3,Upgradable value-added challenge,2448.47,2026-01-12 20:02:04
343,4,Fully-configurable discrete definition,2948.83,2025-08-14 15:44:10
344,7,Cross-group reciprocal synergy,4834.4,2024-05-12 22:07:38
345,5,Triple-buffered actuating info-mediaries,973.12,2025-06-01 12:42:27
346,4,Stand-alone dedicated algorithm,1193.27,2025-02-14 19:52:24
347,15,Cross-platform motivating structure,3030.43,2025-10-08 21:04:38
348,18,Cross-group 3rdgeneration monitoring,2676.1,2023-10-31 03:19:32
349,9,Visionary 24hour middleware,827.99,2026-03-26 18:16:03
350,9,Seamless interactive knowledgebase,4454.16,2024-08-18 15:51:24
351,15,Upgradable composite product,430.81,2025-12-01 15:54:15
352,12,Fully-configurable systematic methodology,2910.23,2024-12-07 20:14:41
353,20,Pre-emptive composite Graphical User Interface,3491.67,2024-12-07 14:08:26
354,4,Optional background time-frame,2953.45,2025-03-26 13:36:38
355,10,Integrated 3rdgeneration capability,4061.44,2024-04-23 00:05:25
356,8,Profit-focused background algorithm,3038.65,2025-10-10 22:07:14
357,8,Digitized homogeneous monitoring,1194.3,2024-07-26 23:27:39
358,13,Enterprise-wide upward-trending core,2657.12,2025-10-21 18:58:51
359,16,Operative leadingedge matrices,4440.49,2025-07-02 23:06:08
360,5,Multi-tiered homogeneous success,2643.68,2025-01-18 17:51:04
361,17,Total web-enabled support,2282.52,2024-07-21 17:23:02
362,11,Up-sized executive structure,1099.31,2024-12-28 01:12:33
363,12,Adaptive reciprocal forecast,678.82,2024-11-14 04:39:50
364,2,Synergized bifurcated open system,2943.24,2024-09-07 15:54:21
365,17,Fully-configurable exuding architecture,4480.61,2025-01-27 07:26:09
366,18,Optimized multimedia solution,3605.91,2026-04-26 14:30:42
367,1,User-friendly client-driven task-force,463.6,2026-07-27 14:55:15
368,5,Balanced interactive encryption,511.0,2025-02-02 23:12:47
369,2,Persistent 24hour attitude,1105.2,2025-10-02 04:50:24
370,5,Front-line stable groupware,4695.1,2026-01-28 11:44:23
371,10,Multi-lateral heuristic analyzer,214.21,2025-07-05 08:07:44
372,2,Innovative coherent array,2142.54,2023-12-27 19:33:34
373,7,User-friendly explicit support,4322.77,2025-06-24 05:48:51
374,6,Open-source tertiary task-force,3746.03,2024-01-12 03:48:02
375,4,Business-focused attitude-oriented capacity,3450.94,2024-09-27 00:09:25
376,11,Cross-group 3rdgeneration flexibility,4747.58,2026-02-09 09:32:07
377,10,Streamlined 5thgeneration synergy,630.73,2025-08-20 17:30:28
378,2,Phased neutral contingency,4406.56,2026-06-09 14:25:22
379,8,Compatible scalable product,3150.93,2025-09-23 10:15:19
380,9,Ergonomic secondary moratorium,235.1,2024-05-22 17:22:47
381,12,Ameliorated foreground software,1062.36,2024-06-02 18:58:27
382,3,Compatible optimal open system,2621.64,2024-09-29 16:50:28
383,4,Streamlined multimedia attitude,1839.96,2025-10-18 13:52:02
384,18,Right-sized fresh-thinking Graphical User Interface,1611.7,2026-06-19 08:30:25
385,4,Robust optimal superstructure,4530.38,2024-01-31 20:12:35
386,15,Operative homogeneous focus group,4603.51,2024-04-17 16:48:59
387,18,Open-architected object-oriented process improvement,852.67,2026-05-15 12:15:00
388,20,Optional motivating functionalities,2088.87,2025-03-19 23:34:49
389,14,Grass-roots composite info-mediaries,3953.45,2024-05-22 19:11:37
390,11,Profit-focused intangible task-force,746.86,2026-05-27 15:07:17
391,13,Vision-oriented regional collaboration,3488.04,2026-04-16 10:07:58
392,14,Realigned fault-tolerant focus group,636.39,2025-06-13 12:31:26
393,5,Public-key cohesive focus group,1458.16,2023-09-24 21:15:21
394,18,Re-contextualized discrete architecture,4586.32,2026-01-16 21:53:53
395,12,Multi-channeled directional database,2269.79,2026-06-17 15:23:04
396,14,Synergistic dedicated forecast,4125.77,2024-04-02 01:43:08
397,14,Fundamental needs-based encoding,3939.69,2023-10-15 23:54:42
398,18,Proactive global utilization,178.59,2024-01-19 18:12:01
399,6,Automated didactic database,4645.02,2026-01-16 22:39:57
400,1,Team-oriented actuating service-desk,81955.57,2024-08-02 23:22:18
401,4,Assimilated responsive project,3090.86,2025-01-31 09:34:52
402,18,Advanced empowering standardization,145.28,2024-01-10 06:58:55
403,19,Configurable 4thgeneration open system,3431.79,2023-12-01 10:21:06
404,6,Pre-emptive intangible forecast,4542.67,2024-01-08 19:36:35
405,1,Future-proofed bi-directional intranet,50.24,2025-06-27 15:22:26
406,7,Distributed logistical matrices,4584.78,2023-12-07 21:08:12
407,15,Organized tertiary product,3686.6,2024-07-19 12:59:05
408,11,Automated tertiary monitoring,285.22,2026-04-15 08:08:04
409,5,Virtual systemic adapter,4801.24,2026-08-23 14:06:33
410,13,Public-key regional installation,520.05,2025-06-08 15:27:31
411,16,Inverse grid-enabled groupware,4088.63,2025-03-06 02:50:17
412,3,Synergized 24/7 migration,1706.53,2025-06-26 20:06:08
413,17,User-centric scalable initiative,4751.66,2024-06-26 04:39:18
414,18,Optimized object-oriented solution,193.97,2024-07-05 01:13:19
415,15,Streamlined transitional structure,1189.87,2025-05-23 14:09:39
416,4,Operative human-resource paradigm,4278.4,2026-02-26 13:08:05
417,15,User-centric content-based approach,1972.03,2024-06-02 14:45:32
418,18,User-centric object-oriented collaboration,3162.69,2025-01-07 04:03:55
419,7,Balanced static pricing structure,2082.82,2024-09-21 04:39:15
420,18,Centralized transitional Graphical User Interface,3631.4,2024-03-14 00:30:27
421,6,Enterprise-wide systemic forecast,4828.49,2023-12-26 10:59:54
422,17,Self-enabling 6thgeneration challenge,2323.5,2026-08-16 11:30:23
423,18,Face-to-face analyzing access,4166.3,2024-07-18 13:13:22
424,9,Open-architected 3rdgeneration installation,4135.1,2024-09-11 09:10:29
425,5,Expanded uniform functionalities,2852.01,2026-07-28 07:55:19
426,1,Optimized systemic model,1017.17,2026-02-08 08:24:03
427,3,User-centric holistic customer loyalty,2998.4,2024-09-27 11:22:20
428,8,Fundamental transitional approach,3789.05,2025-10-01 06:30:42
429,17,Robust web-enabled synergy,4830.71,2024-06-09 07:11:49
430,16,Exclusive content-based product,1137.18,2026-07-19 13:14:33
431,11,Re-engineered bottom-line help-desk,2973.63,2026-03-07 01:31:02
432,15,Configurable needs-based flexibility,2941.64,2024-03-15 02:53:28
433,14,Operative stable access,921.97,2025-04-28 21:51:51
434,7,Implemented foreground project,2714.43,2026-02-09 23:23:28
435,7,Mandatory incremental forecast,4888.99,2023-09-27 00:06:22
436,10,Enhanced systematic core,3751.65,2025-12-20 02:33:18
437,4,Customizable upward-trending intranet,4350.51,2023-10-10 03:32:08
438,7,Face-to-face content-based firmware,2257.9,2024-10-06 07:52:44
439,3,Devolved content-based firmware,1768.07,2024-11-04 16:06:11
440,14,Inverse tertiary array,2231.47,2023-11-11 00:57:04
441,14,De-engineered user-facing matrix,3561.42,2025-09-02 03:17:59
442,13,Secured well-modulated Graphic Interface,1358.23,2025-08-06 09:00:06
443,1,Programmable mission-critical migration,4123.78,2024-04-10 09:03:25
444,6,Synergistic needs-based neural-net,674.64,2025-02-26 07:48:37
445,17,Seamless bandwidth-monitored encryption,113.81,2025-08-06 02:42:12
446,5,Business-focused disintermediate instruction set,4603.0,2026-03-01 08:56:36
447,14,Visionary 4thgeneration standardization,3969.28,2023-10-28 12:26:13
448,4,Upgradable real-time complexity,460.35,2024-02-06 17:52:27
449,20,Triple-buffered eco-centric hierarchy,3575.04,2025-05-22 16:38:39
450,20,Managed system-worthy Graphical User Interface,3852.74,2024-05-02 14:19:54
451,14,Re-engineered explicit success,915.08,2025-11-13 21:28:17
452,8,Open-architected value-added access,4005.33,2024-11-20 22:29:37
453,13,Implemented intermediate circuit,176.42,2026-01-01 17:04:10
454,19,Visionary even-keeled monitoring,481.17,2025-11-06 06:11:13
455,2,Operative zero administration leverage,560.4,2024-06-17 23:49:46
456,9,Right-sized zero-defect intranet,241.35,2024-10-13 03:55:06
457,1,Persevering solution-oriented knowledge user,3622.17,2025-12-19 10:48:51
458,17,Seamless stable core,3577.44,2025-10-28 02:45:39
459,20,User-centric heuristic core,3788.12,2024-07-25 20:55:40
460,10,Focused content-based policy,3636.21,2024-01-22 10:30:12
461,18,Profit-focused national toolset,3401.03,2025-02-12 11:23:37
462,19,Profound demand-driven capacity,3919.58,2026-04-14 03:30:51
463,2,Reduced didactic architecture,878.72,2026-02-17 16:08:13
464,3,Adaptive fault-tolerant matrix,3004.59,2025-09-21 13:26:51
465,16,Horizontal contextually-based capability,1216.57,2025-06-07 02:15:00
466,16,Upgradable dynamic instruction set,2878.85,2024-10-20 01:49:12
467,9,Organized attitude-oriented application,2915.65,2024-03-26 17:42:06
468,9,Fundamental 24hour orchestration,4178.58,2024-05-21 05:57:35
469,4,Enterprise-wide fresh-thinking synergy,2993.59,2023-11-22 11:36:28
470,2,Centralized zero tolerance alliance,3600.46,2024-01-06 23:23:44
471,9,Optimized global moderator,3838.45,2026-04-25 21:08:38
472,3,Compatible methodical archive,722.89,2024-11-01 23:00:49
473,18,Public-key system-worthy functionalities,1792.06,2026-06-22 07:38:15
474,3,Upgradable bottom-line data-warehouse,3340.9,2024-08-15 11:09:06
475,13,Organic logistical interface,4812.08,2026-06-22 23:15:30
476,6,Profit-focused intermediate extranet,1657.13,2023-11-04 13:42:04
477,6,Innovative 6thgeneration groupware,2641.27,2026-04-10 18:18:57
478,13,Grass-roots upward-trending customer loyalty,699.56,2023-11-17 09:28:16
479,5,Visionary grid-enabled circuit,1277.3,2023-11-19 10:23:24
480,18,Cross-platform client-server intranet,471.06,2025-10-13 20:09:57
481,2,Adaptive well-modulated database,1996.69,2025-04-27 13:40:06
482,18,Phased hybrid orchestration,870.98,2025-07-21 15:34:21
483,15,Versatile neutral success,3261.17,2025-07-13 14:39:48
484,1,Intuitive dedicated standardization,4810.84,2023-10-28 18:28:39
485,16,Digitized value-added orchestration,3691.28,2024-11-02 07:35:08
486,19,Versatile multi-state ability,2190.87,2025-07-19 21:58:29
487,2,Face-to-face leadingedge utilization,4492.49,2025-11-15 09:55:57
488,19,Balanced mission-critical instruction set,1514.41,2025-06-09 23:00:46
489,2,User-friendly heuristic approach,1470.8,2026-08-03 22:36:56
490,15,Focused well-modulated model,561.69,2024-08-04 16:07:21
491,1,Universal stable functionalities,4180.38,2026-02-05 10:09:32
492,13,Optimized incremental neural-net,2307.43,2026-06-04 16:46:56
493,16,Ameliorated non-volatile data-warehouse,2694.22,2025-01-30 04:18:35
494,10,Ergonomic coherent utilization,759.14,2025-07-31 15:05:23
495,9,Versatile grid-enabled monitoring,793.32,2026-08-21 20:09:05
496,12,Compatible tangible core,1021.45,2025-09-26 08:32:02
497,15,Networked tertiary open system,510.2,2025-06-20 23:00:29
498,5,Managed intangible secured line,2061.42,2025-09-12 19:39:09
499,8,Cross-group encompassing initiative,4926.06,2026-05-09 23:54:10
500,6,Programmable stable matrix,83157.64,2025-10-25 05:53:20
501,16,Progressive didactic pricing structure,1361.23,2024-08-13 11:42:58
502,1,Seamless neutral implementation,4495.03,2024-05-03 00:14:40
503,6,Reverse-engineered clear-thinking attitude,1922.86,2025-09-17 06:39:05
504,15,Adaptive 24hour adapter,2941.29,2025-04-08 20:12:49
505,1,Pre-emptive asymmetric Graphic Interface,2328.04,2023-12-23 07:59:26
506,12,Multi-layered fault-tolerant parallelism,2349.65,2025-10-22 11:45:18
507,19,Universal heuristic middleware,1121.7,2024-01-19 15:31:23
508,3,Seamless maximized info-mediaries,2757.3,2025-03-06 02:19:23
509,7,Multi-channeled disintermediate utilization,2058.17,2024-09-27 20:51:45
510,5,Organic upward-trending data-warehouse,459.78,2025-02-02 19:23:20
511,19,Implemented logistical Graphic Interface,3633.2,2023-12-17 22:17:28
512,9,Down-sized human-resource focus group,1235.15,2025-07-10 20:06:49
513,15,Stand-alone 24hour challenge,1948.76,2025-11-11 04:45:29
514,13,Virtual regional portal,21.49,2024-12-26 17:21:53
515,6,Cross-group secondary capacity,4373.91,2025-08-09 06:33:23
516,15,Phased solution-oriented groupware,2447.95,2025-07-25 09:10:32
517,4,Compatible responsive standardization,4396.46,2025-11-13 09:09:45
518,9,Versatile non-volatile infrastructure,2757.1,2026-02-26 18:51:53
519,7,Optional mission-critical capability,3492.94,2024-02-28 14:41:02
520,13,Up-sized systemic circuit,2967.37,2024-08-27 01:12:17
521,1,Organic directional product,4536.68,2025-09-04 13:06:49
522,14,User-centric responsive Local Area Network,2425.69,2024-01-26 14:04:38
523,15,Open-source cohesive matrix,1071.59,2025-05-01 04:47:02
524,14,Networked executive matrix,2043.72,2025-11-04 12:48:55
525,4,Face-to-face radical system engine,1907.12,2026-01-13 07:45:18
526,1,Multi-channeled 24/7 customer loyalty,3875.55,2025-08-14 01:17:49
527,4,Grass-roots neutral hardware,357.05,2023-12-31 21:54:50
528,12,Ergonomic analyzing help-desk,1489.87,2025-06-03 15:42:51
529,11,Realigned multimedia methodology,4381.85,2025-07-16 17:35:16
530,10,Operative needs-based benchmark,4641.59,2026-02-22 08:27:05
531,12,Fully-configurable content-based ability,3787.49,2025-01-13 21:45:39
532,16,Networked 24hour attitude,2554.09,2025-09-20 18:28:31
533,3,Phased well-modulated monitoring,2192.13,2025-08-16 01:07:54
534,7,Proactive holistic focus group,3503.33,2026-06-20 18:37:55
535,6,Persevering directional structure,4872.25,2025-10-12 15:26:38
536,17,Networked logistical neural-net,812.14,2025-09-23 04:08:37
537,9,Streamlined 5thgeneration hierarchy,371.0,2024-10-19 23:08:06
538,11,Realigned 6thgeneration system engine,4201.02,2024-12-08 05:13:50
539,4,Cross-group non-volatile info-mediaries,4337.59,2025-11-21 08:04:01
540,8,Mandatory exuding definition,3263.24,2025-01-01 19:22:35
541,12,User-friendly bandwidth-monitored conglomeration,2787.63,2026-04-28 01:54:00
542,13,Networked global framework,2701.04,2024-09-16 16:19:51
543,8,User-friendly solution-oriented attitude,4715.48,2024-07-27 00:10:17
544,19,Secured optimizing attitude,3810.76,2025-10-03 18:35:21
545,8,Integrated radical archive,367.51,2025-02-23 05:10:41
546,8,Object-based asymmetric website,4505.63,2026-06-14 22:04:15
547,20,Grass-roots executive migration,3637.65,2024-06-17 20:46:04
548,10,Open-source 5thgeneration interface,4408.38,2023-09-12 05:47:35
549,12,Pre-emptive mobile pricing structure,1073.42,2024-08-14 06:53:00
550,11,Organic zero tolerance success,1074.93,2026-07-14 14:16:12
551,12,Synchronized didactic database,4330.86,2024-04-26 12:32:07
552,15,Object-based optimizing toolset,2394.74,2026-05-11 19:14:48
553,2,Managed 5thgeneration task-force,1199.31,2026-01-22 22:36:53
554,1,Automated national methodology,151.93,2026-07-08 06:51:29
555,4,Compatible intangible core,1432.61,2026-05-20 13:26:23
556,1,Open-architected zero-defect adapter,700.46,2026-01-09 03:38:49
557,19,Organic secondary capability,469.25,2025-07-31 12:03:00
558,3,Pre-emptive background intranet,4385.32,2025-01-26 22:56:19
559,12,Ameliorated value-added architecture,2950.88,2026-02-07 18:33:21
560,17,De-engineered human-resource info-mediaries,960.7,2025-12-25 15:16:36
561,18,Enterprise-wide web-enabled moderator,1947.67,2024-09-07 00:21:28
562,4,Centralized encompassing toolset,2665.7,2024-12-10 04:15:17
563,16,Horizontal context-sensitive protocol,4800.08,2025-05-19 06:48:16
564,16,Profit-focused systemic contingency,326.24,2024-09-26 17:23:58
565,18,Customer-focused motivating migration,4604.74,2025-09-18 16:53:58
566,7,Re-contextualized fresh-thinking infrastructure,2314.17,2026-05-14 20:45:09
567,17,Multi-channeled actuating functionalities,1859.91,2023-12-19 17:27:41
568,2,Diverse bottom-line collaboration,239.86,2026-08-27 07:22:16
569,6,Total responsive database,3329.0,2026-01-25 23:15:49
570,13,Polarized leadingedge throughput,2357.83,2024-09-18 12:09:31
571,11,Phased executive strategy,3767.99,2026-01-22 07:36:02
572,18,Vision-oriented object-oriented hierarchy,3233.56,2026-01-27 21:43:12
573,11,Realigned human-resource paradigm,1181.49,2026-08-02 09:51:49
574,8,Persevering coherent standardization,1244.36,2023-10-22 13:04:12
575,12,Seamless responsive standardization,4069.06,2026-06-21 21:27:07
576,1,Seamless multi-tasking pricing structure,1577.53,2026-02-24 01:24:06
577,11,Persevering user-facing infrastructure,2470.05,2024-07-15 06:28:52
578,14,Enhanced 24/7 hub,4159.32,2025-12-25 16:45:31
579,9,Decentralized zero administration leverage,4891.81,2025-12-24 08:10:00
580,13,Face-to-face maximized projection,2914.98,2025-09-19 09:53:46
581,10,Robust zero-defect help-desk,4334.69,2025-01-26 23:53:22
582,9,Cloned bifurcated firmware,762.88,2026-06-06 22:45:46
583,1,Universal didactic forecast,4144.78,2024-02-06 12:32:00
584,11,Ergonomic leadingedge access,3226.08,2025-08-17 13:28:43
585,20,Fully-configurable zero administration emulation,924.65,2026-04-15 16:11:12
586,2,Optional discrete initiative,2193.52,2024-04-08 04:48:22
587,20,Right-sized 3rdgeneration superstructure,3303.42,2026-09-06 02:00:35
588,15,Cloned client-server functionalities,2466.29,2025-01-18 03:31:05
589,11,Cloned dedicated complexity,324.79,2025-09-16 00:09:08
590,18,Right-sized upward-trending superstructure,1961.27,2026-06-06 21:13:52
591,5,Phased reciprocal firmware,1598.31,2024-04-21 04:41:06
592,20,Customer-focused non-volatile alliance,1714.28,2026-05-11 23:20:35
593,16,Reduced upward-trending extranet,3153.46,2026-04-08 01:45:03
594,1,Fundamental transitional infrastructure,4623.76,2024-12-27 15:02:42
595,10,Compatible leadingedge alliance,686.94,2026-04-07 22:57:58
596,17,Persistent intermediate infrastructure,2030.05,2026-06-13 06:53:06
597,19,Virtual optimizing model,4220.43,2024-04-19 20:08:20
598,11,Down-sized tertiary attitude,42.76,2026-04-16 05:04:55
599,2,Profound bifurcated leverage,364.72,2024-03-29 07:56:35
600,20,Networked dynamic concept,70389.25,2024-07-11 15:12:48
601,12,Digitized full-range definition,632.93,2025-02-24 23:11:10
602,5,Polarized human-resource neural-net,4348.89,2026-09-04 09:17:17
603,20,Proactive content-based contingency,3861.6,2023-09-10 23:19:23
604,12,Total content-based capability,3268.08,2024-04-20 13:40:55
605,14,Persistent 24hour model,3774.86,2024-12-10 11:04:51
606,12,Customer-focused composite intranet,927.88,2025-04-24 18:39:23
607,5,Progressive scalable help-desk,4702.62,2025-02-09 04:59:09
608,18,Virtual motivating leverage,1274.58,2026-04-15 20:49:16
609,1,Networked empowering workforce,4365.4,2024-02-19 03:38:20
610,8,Polarized grid-enabled leverage,4246.32,2025-09-05 20:09:08
611,1,Realigned demand-driven parallelism,624.97,2026-08-05 10:59:39
612,8,Business-focused coherent attitude,4474.59,2026-03-17 00:54:03
613,4,Profound optimizing encoding,1476.84,2024-03-05 14:13:19
614,18,Virtual maximized circuit,756.05,2023-10-23 23:23:14
615,12,Front-line object-oriented toolset,3903.28,2026-01-18 14:33:06
616,13,Vision-oriented systematic neural-net,865.16,2024-01-08 21:24:39
617,15,Devolved responsive knowledge user,4530.68,2025-05-24 08:30:55
618,20,Streamlined scalable application,1910.82,2025-06-24 11:00:00
619,10,Pre-emptive methodical contingency,3690.44,2025-01-25 21:44:51
620,12,Organic 3rdgeneration model,4327.41,2025-07-01 17:54:03
621,18,User-centric logistical extranet,3281.24,2026-08-07 19:45:51
622,14,Sharable grid-enabled infrastructure,3233.5,2024-06-24 03:22:55
623,16,Switchable zero tolerance concept,776.34,2025-09-12 21:50:30
624,20,Front-line regional service-desk,1005.82,2025-02-09 11:47:05
625,2,Universal 24/7 success,4043.13,2026-03-15 11:33:07
626,7,Proactive homogeneous portal,2842.1,2026-01-27 23:53:36
627,16,Progressive mobile encoding,25.21,2024-05-30 02:19:26
628,9,Total multimedia budgetary management,3704.11,2025-11-30 23:00:12
629,16,Triple-buffered multi-state paradigm,4343.03,2024-11-14 12:27:32
630,12,Persevering content-based function,404.1,2026-07-03 17:45:18
631,15,Customizable multi-state array,2349.36,2025-04-12 16:50:06
632,16,Intuitive executive installation,4493.79,2024-04-28 15:40:33
633,10,Virtual reciprocal standardization,1282.89,2025-01-04 19:45:12
634,15,Assimilated context-sensitive groupware,267.84,2026-03-20 08:41:17
635,18,Seamless 5thgeneration success,3927.48,2025-01-15 10:03:41
636,6,Front-line web-enabled hub,298.36,2026-05-01 03:56:56
637,14,User-friendly analyzing contingency,1349.69,2026-02-22 22:23:08
638,16,Horizontal dedicated success,803.07,2024-02-10 12:50:42
639,4,Open-architected composite knowledge user,1135.58,2025-09-22 08:13:47
640,11,Diverse mission-critical success,4212.31,2024-08-06 18:36:15
641,15,Multi-lateral regional open system,1628.41,2024-04-11 01:35:42
642,9,Organic incremental toolset,1463.86,2025-10-02 07:49:39
643,18,Networked interactive workforce,323.61,2026-06-27 08:28:05
644,1,Virtual client-server forecast,734.55,2024-03-14 11:42:58
645,11,Seamless multi-state hierarchy,1153.16,2025-09-13 19:34:26
646,7,Cloned asymmetric benchmark,3626.46,2024-04-27 23:16:14
647,5,Innovative next generation time-frame,2675.21,2024-06-25 19:56:49
648,10,Mandatory attitude-oriented open architecture,167.61,2024-05-24 13:26:33
649,2,Organic tangible Local Area Network,3832.12,2026-05-10 18:13:48
650,3,Persistent empowering product,3757.11,2025-12-20 06:58:20
651,9,Pre-emptive zero-defect matrices,2124.85,2023-10-17 08:37:00
652,17,Monitored tertiary strategy,510.21,2024-12-10 02:08:06
653,8,Horizontal context-sensitive analyzer,1135.26,2024-07-06 17:32:25
654,1,Operative bi-directional migration,594.0,2025-07-04 19:37:09
655,4,Networked clear-thinking Graphical User Interface,2490.91,2025-02-16 06:40:07
656,6,Quality-focused object-oriented infrastructure,1002.19,2026-02-27 07:42:21
657,16,Reactive static system engine,3868.78,2025-08-24 17:55:30
658,13,Ergonomic analyzing focus group,3343.23,2025-10-27 12:06:26
659,19,User-centric national software,1857.56,2026-05-28 01:22:32
660,12,Centralized contextually-based throughput,1916.86,2026-03-23 02:15:32
661,5,Fundamental interactive toolset,3573.11,2024-10-15 15:15:34
662,6,Intuitive well-modulated matrices,3307.59,2025-06-10 21:51:12
663,18,Enterprise-wide 4thgeneration ability,2258.35,2026-08-12 21:59:30
664,13,Business-focused client-driven help-desk,2248.83,2025-09-24 05:05:29
665,4,Decentralized eco-centric artificial intelligence,3394.87,2025-04-14 17:31:51
666,2,Grass-roots directional orchestration,1638.59,2024-07-01 01:02:27
667,13,Operative solution-oriented portal,1295.42,2026-03-27 13:01:09
668,9,Distributed static info-mediaries,4762.54,2026-06-20 07:14:14
669,4,Compatible explicit algorithm,2811.73,2023-10-15 03:40:19
670,2,Public-key high-level Graphical User Interface,3203.47,2025-11-14 23:06:28
671,6,Exclusive systemic encryption,3721.54,2026-07-04 03:33:41
672,15,Right-sized impactful Local Area Network,524.53,2024-09-10 13:54:07
673,20,Innovative mission-critical projection,4362.82,2025-04-09 02:53:30
674,8,Triple-buffered exuding middleware,1640.05,2024-12-08 01:28:11
675,12,Robust incremental pricing structure,3145.92,2023-12-11 21:45:22
676,19,Programmable value-added analyzer,4331.9,2026-06-16 20:25:59
677,8,Diverse leadingedge moderator,29.41,2024-11-09 18:07:37
678,5,Synergistic 4thgeneration project,4861.99,2023-12-29 02:49:23
679,5,Total static task-force,1014.73,2026-07-23 19:57:55
680,19,Self-enabling regional Local Area Network,4128.72,2024-08-20 11:21:29
681,12,Open-source mobile neural-net,2875.27,2024-03-10 17:41:22
682,12,Fundamental leadingedge productivity,2160.57,2026-03-24 04:00:15
683,16,Advanced exuding migration,4007.78,2026-06-29 06:18:09
684,10,Profit-focused 5thgeneration capacity,1698.82,2025-09-24 23:14:11
685,11,Fully-configurable 3rdgeneration adapter,2351.47,2026-03-06 05:20:37
686,4,Multi-layered transitional moderator,955.15,2024-09-18 22:15:45
687,4,Fully-configurable homogeneous Graphic Interface,796.7,2024-11-22 07:05:54
688,10,Advanced clear-thinking Local Area Network,2989.35,2026-02-21 14:47:23
689,7,User-friendly non-volatile task-force,2888.15,2024-09-03 21:31:02
690,13,Exclusive mobile emulation,3115.57,2024-03-04 15:39:24
691,10,Advanced 24/7 orchestration,3378.08,2025-12-19 04:08:51
692,18,Integrated tertiary contingency,1889.81,2024-04-04 12:22:40
693,5,Managed asynchronous attitude,2558.19,2023-12-01 13:35:48
694,16,Stand-alone real-time orchestration,964.53,2024-08-11 10:36:12
695,16,Function-based needs-based implementation,3230.52,2025-06-21 03:22:15
696,19,Integrated cohesive solution,4277.83,2025-04-27 17:16:42
697,13,Extended background groupware,3674.66,2025-09-22 18:45:47
698,10,Realigned holistic interface,3448.06,2025-12-21 05:09:38
699,18,Cloned explicit complexity,394.76,2026-02-06 21:32:16
700,13,Digitized fault-tolerant system engine,92234.27,2024-09-26 11:53:24
701,20,Open-architected next generation paradigm,991.35,2024-10-01 10:52:32
702,7,Synergistic web-enabled projection,1681.26,2025-05-11 20:14:05
703,12,Pre-emptive client-server focus group,1820.77,2023-11-03 23:42:28
704,12,Horizontal 6thgeneration workforce,1557.61,2023-10-24 13:09:05
705,15,Managed local protocol,103.25,2026-03-07 10:53:29
706,6,Cross-group hybrid capacity,3440.61,2025-05-29 23:37:10
707,2,Customizable asymmetric focus group,3565.24,2025-10-11 12:55:50
708,9,Ameliorated multi-tasking matrices,1978.18,2024-08-05 23:00:32
709,9,Re-engineered system-worthy open system,2092.55,2024-04-19 16:39:48
710,3,Cloned didactic time-frame,1367.45,2026-04-21 23:44:29
711,6,Total zero tolerance initiative,1323.02,2025-08-25 22:16:12
712,9,Secured object-oriented Graphic Interface,3712.18,2026-07-16 23:39:33
713,9,Assimilated tertiary functionalities,3927.12,2025-02-26 12:05:43
714,15,Front-line encompassing encoding,125.05,2023-12-01 06:21:03
715,11,Face-to-face secondary ability,439.79,2025-08-19 13:38:42
716,9,Face-to-face systematic time-frame,4272.91,2025-08-01 07:29:28
717,5,Stand-alone bottom-line pricing structure,3182.35,2026-05-22 18:39:55
718,11,Switchable tertiary software,4387.16,2025-11-15 13:24:20
719,2,Optimized 3rdgeneration contingency,2096.81,2025-04-05 21:58:00
720,5,Configurable optimal groupware,4152.25,2024-10-31 23:24:30
721,3,Multi-lateral eco-centric project,1547.13,2025-07-14 18:57:01
722,2,Customizable demand-driven application,3172.65,2026-02-22 11:37:19
723,2,Multi-channeled mobile instruction set,4577.18,2024-02-09 07:32:14
724,1,Automated zero-defect product,1302.27,2024-09-19 17:36:51
725,17,Devolved directional success,3836.71,2024-04-03 08:33:00
726,5,Profit-focused multi-state instruction set,4905.27,2024-03-07 00:19:26
727,1,Future-proofed solution-oriented firmware,129.38,2026-03-14 16:43:44
728,11,Diverse asymmetric hub,2911.71,2024-05-05 15:08:29
729,5,Horizontal user-facing parallelism,4927.58,2025-06-30 18:20:18
730,14,Universal modular secured line,1185.69,2024-05-19 13:46:58
731,18,Monitored holistic encoding,2713.41,2026-02-08 12:34:27
732,3,Profound responsive process improvement,1845.71,2023-11-22 17:24:03
733,11,Exclusive real-time help-desk,2644.49,2024-05-24 17:16:14
734,11,Multi-tiered object-oriented encoding,2435.64,2024-08-05 01:39:46
735,11,Automated cohesive instruction set,4112.83,2024-08-24 02:26:50
736,13,Universal uniform forecast,2652.76,2024-10-19 03:27:25
737,13,Advanced next generation benchmark,2876.36,2026-09-02 07:05:18
738,9,Sharable needs-based firmware,941.03,2024-04-17 18:19:05
739,17,Automated uniform process improvement,1294.08,2024-10-20 12:40:46
740,16,Business-focused demand-driven model,3249.87,2026-04-01 06:00:36
741,11,Integrated directional secured line,3128.95,2024-11-14 04:38:38
742,7,Business-focused optimizing portal,2067.11,2025-06-28 11:43:03
743,16,Versatile real-time intranet,3213.0,2025-10-03 12:07:57
744,17,Assimilated fresh-thinking service-desk,3645.21,2025-08-19 13:47:11
745,13,Integrated eco-centric encoding,4273.17,2025-08-24 17:33:48
746,20,Cloned dynamic website,3056.62,2024-03-02 09:12:34
747,20,Implemented grid-enabled capacity,3828.46,2024-06-30 07:24:58
748,14,Customizable object-oriented functionalities,2365.92,2026-06-21 09:24:56
749,3,Switchable value-added benchmark,3488.22,2024-07-09 23:15:56
750,11,Re-engineered 6thgeneration benchmark,2666.6,2025-09-24 23:14:23
751,15,Upgradable bottom-line info-mediaries,3182.71,2026-09-08 14:43:05
752,6,Configurable dynamic utilization,2309.64,2026-01-27 02:25:40
753,8,Multi-lateral maximized workforce,1597.75,2025-10-21 02:58:34
754,10,Exclusive human-resource alliance,1265.83,2024-10-04 18:24:37
755,10,Assimilated system-worthy pricing structure,104.42,2026-03-08 12:27:04
756,8,De-engineered didactic knowledge user,3726.62,2025-07-18 23:03:57
757,1,Adaptive transitional firmware,3857.86,2024-11-16 15:38:00
758,18,Public-key zero-defect encoding,4199.87,2024-02-05 03:18:08
759,20,Reduced intermediate infrastructure,952.05,2024-10-31 20:45:22
760,4,Distributed eco-centric info-mediaries,4304.13,2025-03-15 13:05:02
761,20,Function-based bottom-line help-desk,1544.4,2026-04-22 20:14:09
762,9,Configurable regional extranet,4090.65,2024-12-15 07:18:45
763,13,Organic static algorithm,846.44,2025-09-11 17:56:14
764,7,Decentralized hybrid forecast,869.44,2024-03-05 12:38:03
765,4,Optional well-modulated capability,4389.71,2024-02-29 22:06:26
766,5,Switchable multi-tasking knowledgebase,615.43,2026-03-18 09:18:09
767,14,Programmable background website,3246.41,2025-05-19 08:58:32
768,17,Robust optimal paradigm,4202.36,2026-03-25 07:27:50
769,15,Extended foreground middleware,3439.22,2026-08-13 23:36:08
770,3,User-friendly secondary help-desk,2967.11,2025-07-15 20:33:42
771,4,Automated value-added parallelism,503.42,2024-12-23 13:02:44
772,15,Balanced 24/7 Graphic Interface,2661.51,2026-04-18 04:24:00
773,4,Synergized incremental concept,3861.89,2026-08-29 23:07:37
774,3,Multi-layered eco-centric ability,1101.78,2025-03-29 02:18:22
775,4,Profound tertiary knowledge user,3545.81,2024-04-16 14:42:45
776,3,Distributed methodical matrix,4859.28,2025-05-07 17:52:39
777,20,Innovative dedicated moratorium,3067.18,2026-06-15 23:22:57
778,15,Grass-roots multi-state throughput,586.34,2026-08-25 16:49:50
779,12,Balanced zero tolerance Local Area Network,2779.98,2023-10-17 01:55:48
780,20,Stand-alone holistic Internet solution,4595.49,2025-04-11 15:58:10
781,5,Networked systemic budgetary management,2483.87,2026-02-23 11:42:24
782,10,Programmable 24hour system engine,3554.31,2025-05-13 00:25:25
783,7,Ergonomic fresh-thinking infrastructure,944.61,2024-06-14 14:37:05
784,2,Operative coherent Internet solution,906.21,2026-02-04 16:59:15
785,10,Streamlined uniform task-force,1175.78,2025-11-07 08:27:25
786,2,Automated discrete utilization,1953.68,2025-12-16 21:28:53
787,15,Diverse asynchronous capability,618.69,2026-07-13 23:22:48
788,3,Networked background open architecture,1812.68,2025-09-26 16:05:40
789,10,Adaptive client-driven utilization,2592.97,2024-07-13 16:20:47
790,14,Advanced upward-trending throughput,4063.07,2025-03-23 04:17:11
791,4,Realigned upward-trending strategy,2159.21,2026-01-03 17:28:32
792,15,Upgradable static methodology,703.65,2024-07-13 14:15:45
793,2,Synchronized didactic concept,2172.24,2023-11-29 07:13:02
794,13,Vision-oriented demand-driven budgetary management,3705.8,2023-11-26 17:41:41
795,12,Realigned directional intranet,121.01,2024-02-11 11:14:17
796,16,Organic human-resource archive,4944.83,2024-05-07 19:28:24
797,20,Cross-platform 3rdgeneration help-desk,825.28,2026-06-30 07:18:21
798,12,Advanced human-resource policy,3728.01,2024-06-26 00:28:30
799,5,Up-sized motivating framework,4162.39,2024-04-24 18:08:45
800,16,Exclusive attitude-oriented methodology,54712.61,2026-02-25 04:31:53
801,5,Phased systematic encryption,1336.2,2025-12-25 04:51:46
802,1,Down-sized full-range artificial intelligence,2602.42,2025-03-11 13:46:39
803,19,De-engineered incremental approach,2151.58,2024-02-27 21:45:00
804,1,Focused logistical support,3420.72,2023-10-23 09:46:13
805,3,Fundamental 5thgeneration Graphic Interface,970.02,2025-08-01 19:24:46
806,9,Distributed exuding pricing structure,2044.4,2026-07-19 07:27:46
807,4,Customizable encompassing workforce,3286.71,2023-09-23 11:07:11
808,7,Operative needs-based open architecture,4362.18,2023-12-24 07:57:09
809,20,Optimized cohesive standardization,1186.04,2024-08-07 19:50:25
810,18,Vision-oriented zero tolerance success,1616.41,2024-09-01 10:11:23
811,19,Reactive reciprocal installation,4022.07,2026-01-16 13:40:44
812,2,Visionary exuding benchmark,240.37,2024-12-03 23:18:28
813,17,Configurable heuristic alliance,4084.25,2024-12-03 21:05:37
814,18,Virtual well-modulated infrastructure,4679.91,2024-08-05 18:49:56
815,2,Synergized systematic forecast,1506.88,2023-12-30 08:11:14
816,3,Proactive transitional projection,4228.33,2024-05-18 07:22:32
817,7,Adaptive modular moratorium,2009.59,2025-03-01 01:50:15
818,14,Innovative foreground support,2421.43,2024-10-12 01:16:18
819,17,Reverse-engineered disintermediate alliance,2356.42,2024-09-02 01:34:56
820,14,Expanded next generation structure,2078.07,2026-07-02 01:05:37
821,10,Balanced foreground secured line,1352.74,2025-10-17 19:15:25
822,3,Re-contextualized context-sensitive projection,3900.42,2025-08-19 10:19:39
823,17,Customizable optimal synergy,3171.81,2023-11-27 00:08:47
824,19,Enterprise-wide user-facing benchmark,4206.38,2024-09-12 04:17:55
825,10,Exclusive zero administration encoding,4268.84,2025-04-02 02:14:51
826,2,User-friendly static secured line,3510.19,2025-10-29 18:11:51
827,3,Progressive upward-trending infrastructure,736.01,2025-01-17 00:38:18
828,11,Extended neutral structure,4226.47,2026-06-06 19:58:28
829,4,Cross-group methodical architecture,3160.54,2023-11-05 05:58:11
830,4,Realigned zero tolerance infrastructure,4470.61,2024-09-16 07:36:24
831,15,Multi-lateral full-range paradigm,3060.19,2026-01-20 04:31:54
832,4,Expanded upward-trending time-frame,1056.32,2025-02-09 17:00:25
833,17,Seamless client-driven initiative,4947.07,2025-05-06 16:53:41
834,3,Triple-buffered neutral secured line,2563.34,2025-05-08 05:43:46
835,4,User-friendly eco-centric methodology,4375.42,2026-02-27 22:02:31
836,15,Streamlined high-level contingency,2044.07,2024-03-16 03:37:35
837,14,Down-sized needs-based capability,4285.98,2025-08-10 15:22:42
838,12,Networked context-sensitive moratorium,3009.43,2026-01-05 18:34:55
839,8,Function-based multi-tasking architecture,1933.69,2024-06-24 05:29:35
840,19,Profound value-added conglomeration,346.6,2026-07-22 04:24:43
841,4,Down-sized maximized monitoring,15.94,2024-01-04 12:18:46
842,6,Persistent dedicated throughput,4312.55,2024-07-26 17:20:00
843,1,Universal interactive workforce,3671.11,2024-04-26 20:36:51
844,5,Robust needs-based synergy,294.22,2024-03-06 07:42:37
845,14,Enhanced zero tolerance algorithm,3667.2,2025-09-25 22:10:52
846,7,Versatile client-driven capability,2759.56,2026-08-09 08:54:14
847,15,Team-oriented mobile complexity,64.99,2026-04-01 19:54:10
848,2,Function-based cohesive adapter,4819.66,2025-10-24 06:23:16
849,9,Enhanced non-volatile Internet solution,712.69,2025-05-05 06:37:49
850,1,Focused 3rdgeneration synergy,105.6,2023-11-30 12:51:54
851,8,Cloned multimedia strategy,3874.63,2025-09-08 22:39:34
852,5,Triple-buffered dynamic pricing structure,658.98,2026-07-20 12:41:04
853,13,Business-focused multi-tasking collaboration,2287.54,2025-02-18 22:44:04
854,11,Networked system-worthy architecture,1300.01,2025-07-29 02:28:47
855,10,Re-engineered full-range capacity,4987.32,2025-10-02 15:28:03
856,11,Synergized responsive structure,3055.71,2026-02-25 20:59:06
857,13,Profound 6thgeneration installation,712.94,2024-08-29 20:22:01
858,10,Versatile discrete model,1103.27,2026-03-25 19:41:51
859,7,Integrated interactive interface,2475.48,2026-03-15 04:31:59
860,10,Re-engineered impactful leverage,3687.09,2026-01-05 18:03:33
861,19,Phased actuating support,3735.82,2025-06-29 19:24:00
862,2,Decentralized asymmetric approach,4284.19,2024-09-08 02:29:08
863,9,Visionary didactic alliance,321.98,2024-12-30 06:06:09
864,20,Customer-focused discrete array,2138.15,2025-08-25 17:10:55
865,11,Persevering 5thgeneration model,2919.61,2026-02-21 12:29:03
866,19,Visionary actuating open system,1960.53,2024-08-12 04:19:04
867,19,Persistent impactful database,4299.78,2026-07-07 08:47:17
868,8,Visionary incremental projection,3062.46,2024-11-06 02:10:55
869,11,Object-based interactive orchestration,3474.52,2024-04-13 07:51:31
870,8,Operative maximized time-frame,1961.22,2024-10-10 20:46:50
871,17,Mandatory 4thgeneration paradigm,559.97,2024-01-13 15:35:44
872,7,Seamless global throughput,4256.18,2025-10-15 20:44:00
873,18,Polarized mobile analyzer,4415.58,2023-11-13 18:36:09
874,17,Integrated multimedia application,2528.32,2023-12-04 05:10:54
875,18,Synergized context-sensitive structure,4114.85,2025-08-09 18:44:18
876,5,Networked asymmetric support,1150.44,2024-07-04 03:33:40
877,20,Synergized contextually-based moratorium,4061.53,2025-12-31 05:54:48
878,9,Ameliorated multimedia artificial intelligence,1772.91,2023-12-21 01:15:21
879,3,De-engineered bottom-line policy,2137.55,2025-09-02 20:05:41
880,14,Assimilated maximized benchmark,711.16,2023-09-30 14:14:49
881,12,Managed didactic function,1706.88,2025-04-04 09:25:38
882,10,Adaptive real-time paradigm,3054.87,2025-02-26 06:23:54
883,6,Centralized discrete portal,1216.54,2023-10-25 01:26:44
884,15,Quality-focused grid-enabled database,1607.16,2024-10-27 03:38:07
885,7,Managed didactic productivity,4839.89,2024-06-12 11:16:26
886,3,Public-key systematic methodology,4044.48,2025-10-29 01:35:46
887,7,Front-line object-oriented open architecture,2749.38,2024-02-04 03:52:02
888,17,Automated dedicated ability,2346.47,2025-02-08 15:03:18
889,5,Assimilated zero tolerance data-warehouse,4522.22,2023-12-22 23:31:29
890,5,Open-source tangible paradigm,1542.47,2024-09-11 18:34:12
891,6,Business-focused bandwidth-monitored protocol,1996.96,2024-01-07 13:10:49
892,8,Networked foreground challenge,1882.07,2025-03-21 11:23:42
893,7,User-friendly web-enabled alliance,3923.36,2024-05-23 01:09:06
894,15,User-centric logistical complexity,2771.4,2026-06-01 22:41:36
895,2,Innovative bandwidth-monitored website,1591.82,2025-04-13 14:08:23
896,20,Intuitive real-time Graphic Interface,1765.12,2025-01-15 01:08:49
897,1,Self-enabling fresh-thinking flexibility,2179.54,2025-01-05 11:14:15
898,20,Re-engineered needs-based product,1218.39,2024-10-21 23:31:23
899,14,Persevering client-server orchestration,2781.72,2025-07-04 19:26:04
900,8,Open-source context-sensitive array,66054.4,2024-04-19 22:08:19
901,2,Virtual client-server solution,1183.51,2025-05-16 20:48:13
902,13,Reverse-engineered foreground hardware,2034.82,2024-11-26 14:38:46
903,14,Business-focused client-driven budgetary management,3833.12,2025-01-17 03:55:44
904,10,Ameliorated cohesive monitoring,2117.32,2026-01-25 04:37:15
905,6,Face-to-face object-oriented service-desk,4815.6,2024-09-05 21:29:18
906,1,Centralized multi-tasking database,1634.06,2025-10-20 10:01:28
907,9,Networked transitional time-frame,4009.09,2024-03-28 09:58:41
908,7,Managed impactful secured line,1377.96,2025-11-30 11:34:39
909,15,Innovative discrete middleware,600.88,2024-01-26 04:58:59
910,2,Vision-oriented user-facing complexity,1443.51,2024-01-10 05:13:58
911,11,Organic static model,1026.91,2026-01-18 12:08:57
912,17,Multi-tiered dynamic strategy,1269.16,2025-04-14 16:51:25
913,18,Fundamental actuating Graphic Interface,1065.79,2024-03-19 22:51:17
914,19,Enhanced bottom-line encoding,3490.6,2024-01-17 13:06:39
915,4,Programmable background circuit,4423.48,2024-10-04 02:58:45
916,2,Team-oriented multimedia middleware,3992.07,2024-07-19 10:48:13
917,4,Reactive well-modulated concept,2324.64,2025-11-16 12:53:06
918,12,Customer-focused local archive,1036.09,2024-11-10 11:37:44
919,12,Enhanced intermediate Graphical User Interface,2833.56,2025-03-27 06:51:05
920,10,Switchable well-modulated capacity,2095.13,2024-01-10 17:14:48
921,6,Universal radical synergy,2411.75,2025-03-19 18:43:34
922,1,Seamless intangible intranet,2474.45,2024-09-11 09:31:46
923,11,Distributed content-based strategy,2421.72,2025-05-09 15:01:02
924,11,Enhanced regional secured line,1289.03,2023-09-23 22:47:24
925,17,Persistent explicit functionalities,4879.97,2023-09-13 16:08:54
926,6,Enterprise-wide logistical system engine,1396.04,2024-07-15 08:31:50
927,20,Operative web-enabled knowledgebase,1868.22,2025-06-21 03:40:24
928,11,Cloned high-level artificial intelligence,1045.98,2025-01-09 23:55:34
929,18,Synergized bandwidth-monitored collaboration,1120.04,2024-02-07 13:55:48
930,1,Realigned actuating budgetary management,1662.36,2026-04-25 19:50:18
931,6,Innovative empowering contingency,3452.11,2025-10-26 22:09:02
932,20,Focused analyzing infrastructure,4936.87,2026-03-23 01:03:57
933,17,Horizontal 5thgeneration data-warehouse,1115.38,2025-08-17 06:22:03
934,10,Extended composite emulation,1990.65,2026-01-18 01:40:05
935,4,Fully-configurable fresh-thinking solution,2212.16,2025-12-12 00:05:58
936,7,Cross-group high-level capability,2378.01,2025-12-05 05:37:32
937,4,Diverse logistical product,3346.45,2023-10-19 01:05:20
938,9,Fundamental multi-state parallelism,4884.06,2023-09-12 02:34:25
939,18,Vision-oriented upward-trending throughput,3150.73,2025-02-27 21:06:44
940,15,Inverse 24hour policy,2851.75,2026-02-15 20:32:38
941,16,Persevering secondary workforce,4472.2,2024-03-24 02:07:48
942,5,Face-to-face leadingedge intranet,1594.99,2024-06-30 22:33:04
943,8,Right-sized hybrid product,1770.61,2025-06-03 14:42:40
944,5,Pre-emptive demand-driven system engine,1537.5,2026-06-07 17:52:03
945,8,Synergized fresh-thinking matrix,4945.06,2026-04-22 11:31:59
946,7,Inverse executive open system,4626.93,2025-06-09 03:42:39
947,19,User-friendly client-driven access,669.34,2024-06-17 03:52:44
948,17,User-friendly interactive monitoring,3342.25,2024-10-09 03:23:48
949,15,Front-line intermediate Internet solution,2565.67,2024-07-14 10:35:58
950,11,Seamless systemic complexity,3174.04,2023-12-10 20:48:38
951,11,Intuitive zero administration parallelism,554.75,2026-05-12 09:54:33
952,13,Multi-channeled cohesive neural-net,491.42,2025-07-10 14:02:44
953,8,Self-enabling impactful core,156.73,2024-11-16 12:58:12
954,18,Versatile background intranet,3871.67,2026-05-19 00:55:05
955,6,Operative reciprocal adapter,4553.73,2023-10-24 20:52:19
956,18,Enhanced disintermediate strategy,386.71,2023-11-13 10:35:04
957,6,Customizable methodical encoding,2976.74,2025-01-01 08:56:31
958,8,Cross-platform methodical hardware,1217.4,2024-10-02 06:04:25
959,5,Adaptive exuding success,2222.52,2025-09-03 08:00:24
960,1,Mandatory national product,4442.58,2023-09-21 03:31:27
961,15,Integrated discrete application,3047.67,2024-04-19 20:17:58
962,10,Virtual empowering emulation,667.06,2026-04-16 04:39:03
963,6,Monitored object-oriented analyzer,4886.99,2024-08-05 02:25:57
964,16,Fully-configurable client-server circuit,683.89,2024-12-02 19:12:51
965,9,Right-sized 3rdgeneration approach,3526.45,2026-08-27 14:20:35
966,6,User-centric full-range website,1442.77,2024-03-13 12:55:59
967,7,User-friendly logistical analyzer,1030.85,2024-10-05 06:20:11
968,19,Streamlined modular adapter,2275.96,2024-06-25 11:20:17
969,10,Managed bi-directional policy,2492.38,2023-12-26 22:59:16
970,20,Synergistic holistic forecast,4920.52,2026-08-18 07:15:00
971,5,Compatible methodical collaboration,920.51,2024-04-23 06:00:57
972,10,Virtual attitude-oriented hardware,3890.41,2025-11-16 02:48:51
973,7,Team-oriented actuating frame,4563.69,2026-07-27 11:55:27
974,4,Upgradable asynchronous hierarchy,1054.21,2025-03-03 12:44:16
975,3,Organized mission-critical Graphical User Interface,1962.4,2023-10-04 05:20:21
976,16,Synergized 24/7 help-desk,180.91,2023-11-30 12:38:59
977,15,Centralized directional hardware,3320.99,2025-08-10 18:02:33
978,9,User-centric scalable collaboration,3653.04,2026-04-02 21:52:13
979,14,Self-enabling high-level installation,4609.43,2025-03-21 09:30:02
980,13,Visionary high-level open system,4287.11,2025-12-14 14:00:01
981,8,Reduced executive encryption,4869.48,2025-04-20 16:15:31
982,17,Polarized heuristic capability,2726.49,2024-06-28 19:44:31
983,6,Re-contextualized neutral initiative,4322.69,2025-12-14 13:58:12
984,10,Distributed secondary system engine,2995.42,2026-07-03 10:02:19
985,14,Enterprise-wide 24/7 installation,1032.71,2024-01-01 16:57:27
986,11,Implemented client-driven access,558.54,2023-10-07 09:09:11
987,13,Reverse-engineered bottom-line algorithm,4935.38,2025-03-07 18:46:13
988,1,Digitized discrete Internet solution,2766.97,2025-06-23 00:24:15
989,20,Quality-focused needs-based focus group,142.81,2026-03-27 14:18:50
990,9,Extended high-level standardization,784.55,2024-11-30 14:54:17
991,8,Switchable methodical leverage,1172.97,2025-10-15 16:28:07
992,20,Networked 4thgeneration moderator,2704.28,2024-03-21 09:23:00
993,14,Intuitive composite alliance,3294.09,2024-11-24 03:59:40
994,13,Implemented dedicated pricing structure,2041.26,2024-05-30 12:56:53
995,6,Cloned bottom-line toolset,107.46,2025-02-20 13:41:06
996,6,Front-line mobile neural-net,4022.14,2025-12-28 02:48:24
997,9,Multi-lateral secondary alliance,762.65,2025-09-11 23:45:02
998,2,Visionary fault-tolerant initiative,4446.83,2025-08-22 21:22:57
999,1,Progressive bifurcated solution,2738.28,2025-12-05 00:58:11
1000,9,Pre-emptive dedicated customer loyalty,50155.26,2025-04-21 01:14:44
